"scIcept","scSlope","scBD","sorpC1","sorpC2","Nmax","Nmid","LCImax","k1","k2","k4","EHmax","EHmin","ESmax","ESmin","la2","la3","B1","B2","B3","fdoc","dlch","k8","k9","k10","tmod_ActivationE","tmod_alpha","DOCfrg","LITfrg","Trange"
13.12,0.10,1.36,0.15,2.57,1.60,0.36,0.58,0.019,0.80,0.25,0.093,0.12,0.062,0.033,0.045,0.48,0.32,0.65,0.30,0.0086,0.0077,0.000016,0.00023,40.0,6.79E6,0.49,0.0088,16.13
6.96,0.34,1.21,0.44,3.39,4.64,0.51,0.36,0.0088,0.33,0.36,0.087,0.38,0.088,0.41,0.,023,0.68,0.56,0.71,0.058,0.019,0.0066,0.000038,0.0031,41.86,1.2E7,0.72,0.012,25.47
9.26,0.24,1.40,0.19,3.92,4.32,0.61,0.23,0.015,0.17,0.030,0.034,0.19,0.091,0.16,0.033,0.46,0.35,0.24,0.17,0.0034,0.0027,0.000023,0.0019,39.28,9.88E6,0.81,0.0071,20.28
