"scIcept","scSlope","scBD","sorpC1","sorpC2","Nmax","Nmid","LCImax","k1","k2","k4","EHmax","EHmin","ESmax","ESmin","la2","la3","B1","B2","B3","fdoc","dlch","k8","k9","k10","tmod_ActivationE","tmod_alpha","DOCfrg","LITfrg","Trange"
10.75,0.24,0.86,0.37,3.79,2.81,0.63,0.19,0.24,0.0075,0.73,0.088,0.028,0.69,0.087,0.32,0.015,0.41,0.38,0.083,0.12,0.0071,0.0052,0.000038,0.0017,40.4,6.8E6,0.67,0.0037,11.16
5.13,0.11,1.1,0.29,2.93,3.7,1.06,0.58,0.61,0.017,0.46,0.65,0.49,0.45,0.0056,0.086,0.038,0.47,0.31,0.6,0.29,0.1,0.0027,0.000029,0.0024,38.1,5.3E6,0.96,0.019,23.16
15.8,0.27,1.60,0.21,4.69,1.03,1.46,0.78,0.45,0.0088,0.6,0.36,0.096,0.057,0.0018,0.21,0.029,0.69,0.59,0.29,0.17,0.018,0.0087,0.000015,0.0036,43.5,9.9E6,0.48,0.00071,28.02
