"aA","aW","aE","aN","pWA","pEW","pWN","w1","w2","w3","w5","b1","b2","bN1","bN2","bH1","bH2","g","gN","gH","pH","aH","th1","th2","r"
1.86155218118802,3.51900648791343,0.359495839104056,0.00908772624097764,0.313784152036533,0.466472591040656,0.424543926725164,-0.712288725422695,-0.102561442181468,-0.0105993438046426,-0.514675976010039,0.031189882196486,-0.0131494244560599,0.120967662474141,-0.0244114269386046,0.00207313438877463,-0.000114181963726881,-0.932776359375566,-1.66484226612374,-9.65246012434363,0.00706706616026349,0.00238417610083707,-0.809089835733175,0.824972309404984,0.833522181026638
0.227835915517062,5.99703815300018,1.6314344056882,0.0604540463071317,0.36641757376492,0.914094403386116,0.450754570076242,-0.7277274094522,-0.198340367292985,-0.626343052601442,-0.696979976957664,0.0409532848745585,-0.00665623252280056,0.01427461062558,-0.0419888822361827,0.112618211936206,-0.00137645202921703,-1.96032154140994,-0.323344788979739,-6.14553204504773,0.00639633586443961,0.00937279214756563,-1.40693911816925,0.250439099734649,0.173577752662823
1.36771622300148,9.74416393786669,0.816541539970785,0.0280533381970599,0.676536225248128,0.0365159267093986,0.195959702366963,-0.0197782581672072,-0.830354836536571,-0.370113778160885,-0.783005464356393,0.174323767097667,-0.00303760129027068,0.0244563970249146,-0.0313240389688872,0.199307538662106,-0.0391708967043087,-1.34040926257148,-0.631846389267594,-5.47184675117023,0.00256634338665754,0.00453145566163585,-1.18676989618689,2.24977854313329,0.485593689372763
